-- phpMyAdmin SQL Dump
-- version 5.2.1
-- https://www.phpmyadmin.net/
--
-- Host: 127.0.0.1:3306
-- Generation Time: Oct 08, 2025 at 04:10 PM
-- Server version: 8.2.0
-- PHP Version: 8.2.13

SET SQL_MODE = "NO_AUTO_VALUE_ON_ZERO";
START TRANSACTION;
SET time_zone = "+00:00";


/*!40101 SET @OLD_CHARACTER_SET_CLIENT=@@CHARACTER_SET_CLIENT */;
/*!40101 SET @OLD_CHARACTER_SET_RESULTS=@@CHARACTER_SET_RESULTS */;
/*!40101 SET @OLD_COLLATION_CONNECTION=@@COLLATION_CONNECTION */;
/*!40101 SET NAMES utf8mb4 */;

--
-- Database: `suit_store`
--

-- --------------------------------------------------------

--
-- Table structure for table `customers`
--

DROP TABLE IF EXISTS `customers`;
CREATE TABLE IF NOT EXISTS `customers` (
  `customer_id` int NOT NULL AUTO_INCREMENT,
  `name` varchar(255) NOT NULL,
  `phone` varchar(20) DEFAULT NULL,
  `email` varchar(255) DEFAULT NULL,
  `address` text,
  `created_at` timestamp NULL DEFAULT CURRENT_TIMESTAMP,
  PRIMARY KEY (`customer_id`)
) ENGINE=MyISAM AUTO_INCREMENT=3 DEFAULT CHARSET=utf8mb4 COLLATE=utf8mb4_0900_ai_ci;

--
-- Dumping data for table `customers`
--

INSERT INTO `customers` (`customer_id`, `name`, `phone`, `email`, `address`, `created_at`) VALUES
(1, 'مشتری نمونه ۱', '09123456789', 'customer1@example.com', NULL, '2025-10-03 12:48:13'),
(2, 'مشتری نمونه ۲', '09123456788', 'customer2@example.com', NULL, '2025-10-03 12:48:13');

-- --------------------------------------------------------

--
-- Table structure for table `products`
--

DROP TABLE IF EXISTS `products`;
CREATE TABLE IF NOT EXISTS `products` (
  `product_id` int NOT NULL AUTO_INCREMENT,
  `model_name` varchar(255) NOT NULL,
  `description` text,
  `category` varchar(100) DEFAULT NULL,
  `created_at` timestamp NULL DEFAULT CURRENT_TIMESTAMP,
  PRIMARY KEY (`product_id`)
) ENGINE=MyISAM AUTO_INCREMENT=49 DEFAULT CHARSET=utf8mb4 COLLATE=utf8mb4_0900_ai_ci;

--
-- Dumping data for table `products`
--

INSERT INTO `products` (`product_id`, `model_name`, `description`, `category`, `created_at`) VALUES
(20, 'پاپیونی', NULL, '', '2025-10-08 12:54:57'),
(12, 'باطری', NULL, '', '2025-10-08 12:24:12'),
(13, 'شراره', NULL, '', '2025-10-08 12:33:33'),
(14, 'کتشلوار بغل سققک', NULL, '', '2025-10-08 12:36:01'),
(15, 'هانی', NULL, '', '2025-10-08 12:41:08'),
(16, 'سرهم', NULL, '', '2025-10-08 12:46:44'),
(17, 'ژاکات', NULL, '', '2025-10-08 12:49:39'),
(18, 'تهران مشکی', NULL, '', '2025-10-08 12:50:50'),
(19, 'ملینا', NULL, '', '2025-10-08 12:53:45'),
(21, 'دلبر', NULL, '', '2025-10-08 12:58:36'),
(22, 'کجراه', NULL, '', '2025-10-08 13:16:27'),
(23, 'تک کت قارچی', NULL, '', '2025-10-08 13:18:50'),
(24, 'کتشلوار گل رز', NULL, '', '2025-10-08 13:23:08'),
(25, 'کتشلوار گندمی', NULL, '', '2025-10-08 13:24:31'),
(26, 'کت سارافون سوفیا', NULL, '', '2025-10-08 13:26:42'),
(27, 'کت تکی قایقی', NULL, '', '2025-10-08 13:30:49'),
(28, 'تک کت یقه انگلیسی', NULL, '', '2025-10-08 13:33:01'),
(29, 'آرشال دویقه', NULL, '', '2025-10-08 13:36:59'),
(30, 'کتشلوار منجق دوزی بلند', NULL, '', '2025-10-08 13:56:25'),
(31, 'کتشلوار منجق دوزی کوتاه', NULL, '', '2025-10-08 13:58:41'),
(32, 'نگیندار', NULL, '', '2025-10-08 14:00:26'),
(33, 'عروس', NULL, '', '2025-10-08 14:01:48'),
(34, 'ترمه نفیس', NULL, '', '2025-10-08 14:04:41'),
(35, 'یقه انگلیسی', NULL, '', '2025-10-08 14:13:11'),
(36, 'کت دامن لیزری', NULL, '', '2025-10-08 14:36:24'),
(37, 'کت دامن ترمه نفیس', NULL, '', '2025-10-08 14:39:23'),
(38, 'ترنج', NULL, '', '2025-10-08 14:43:46'),
(39, 'کت دامن رویال', NULL, '', '2025-10-08 14:46:37'),
(40, 'کت دامن دانتل', NULL, '', '2025-10-08 14:50:23'),
(41, 'سرو', NULL, '', '2025-10-08 14:56:54'),
(42, 'کت  دامن 3گل', NULL, '', '2025-10-08 14:59:23'),
(43, 'کت دامن آتشی', NULL, '', '2025-10-08 15:02:47'),
(44, 'کت دامن گیپور یکطرفه', NULL, '', '2025-10-08 15:09:48'),
(45, 'کت سارافون 3گل', NULL, '', '2025-10-08 15:42:09'),
(46, 'کت سارافون مهسا', NULL, '', '2025-10-08 15:46:37'),
(47, 'آرشال', NULL, '', '2025-10-08 15:51:23'),
(48, 'کتشلوار قایقی', NULL, '', '2025-10-08 16:00:16');

-- --------------------------------------------------------

--
-- Table structure for table `product_variants`
--

DROP TABLE IF EXISTS `product_variants`;
CREATE TABLE IF NOT EXISTS `product_variants` (
  `variant_id` int NOT NULL AUTO_INCREMENT,
  `product_id` int NOT NULL,
  `color` varchar(50) DEFAULT NULL,
  `size` varchar(20) DEFAULT NULL,
  `stock` int DEFAULT '0',
  `price` decimal(10,2) NOT NULL,
  PRIMARY KEY (`variant_id`),
  KEY `product_id` (`product_id`)
) ENGINE=MyISAM AUTO_INCREMENT=349 DEFAULT CHARSET=utf8mb4 COLLATE=utf8mb4_0900_ai_ci;

--
-- Dumping data for table `product_variants`
--

INSERT INTO `product_variants` (`variant_id`, `product_id`, `color`, `size`, `stock`, `price`) VALUES
(73, 12, 'سبز', '38', 3, 1500000.00),
(72, 12, 'مشکی', '48', 1, 1500000.00),
(71, 12, 'مشکی', '46', 1, 1500000.00),
(61, 12, 'صورتی', '38', 1, 1500000.00),
(62, 12, 'صورتی', '40', 2, 1500000.00),
(63, 12, 'صورتی', '42', 1, 1500000.00),
(64, 12, 'آبی', '40', 1, 1500000.00),
(65, 12, 'آبی', '42', 2, 1500000.00),
(66, 12, 'آبی', '44', 1, 1500000.00),
(67, 12, 'قرمز', '40', 2, 1500000.00),
(68, 12, 'مشکی', '38', 1, 1500000.00),
(69, 12, 'مشکی', '40', 1, 1500000.00),
(70, 12, 'مشکی', '44', 2, 1500000.00),
(60, 12, 'سفید', '46', 1, 1500000.00),
(59, 12, 'سفید', '44', 1, 1500000.00),
(58, 12, 'سفید', '42', 1, 1500000.00),
(57, 12, 'سفید', '40', 1, 1500000.00),
(56, 12, 'سفید', '38', 1, 1500000.00),
(55, 12, 'کرمی', '42', 1, 1500000.00),
(53, 12, 'کرمی', '44', 2, 1500000.00),
(54, 12, 'کرمی', '38', 1, 1500000.00),
(74, 12, 'سبز', '40', 1, 1500000.00),
(75, 12, 'سبز', '46', 1, 1500000.00),
(76, 12, 'سبز', '48', 1, 1500000.00),
(77, 12, 'سبز', '50', 1, 1500000.00),
(78, 12, 'توسی', '38', 1, 1500000.00),
(79, 12, 'توسی', '40', 1, 1500000.00),
(80, 12, 'توسی', '42', 1, 1500000.00),
(81, 12, 'توسی', '44', 1, 1500000.00),
(82, 12, 'توسی', '46', 1, 1500000.00),
(83, 13, 'صورتی', '40', 1, 1000000.00),
(84, 13, 'صورتی', '42', 1, 1000000.00),
(85, 13, 'سبز', '36', 1, 1000000.00),
(86, 13, 'سبز', '40', 1, 1000000.00),
(87, 13, 'سبز', '42', 1, 1000000.00),
(88, 13, 'سبز', '44', 1, 1000000.00),
(89, 13, 'توسی', '42', 1, 1000000.00),
(90, 13, 'توسی', '46', 1, 1000000.00),
(91, 13, 'توسی', '40', 1, 1000000.00),
(92, 13, 'خردلی', '40', 1, 1000000.00),
(93, 13, 'خردلی', '42', 1, 1000000.00),
(94, 13, 'خردلی', '46', 1, 1000000.00),
(95, 13, 'کرمی', '44', 1, 1000000.00),
(96, 13, 'مشکی', '38', 3, 1000000.00),
(97, 13, 'مشکی', '40', 1, 1000000.00),
(98, 13, 'مشکی', '44', 1, 1000000.00),
(99, 14, 'ابی', '38', 1, 2200000.00),
(100, 14, 'ابی', '44', 1, 2200000.00),
(101, 14, 'مشکی', '38', 1, 2200000.00),
(102, 14, 'مشکی', '44', 1, 2200000.00),
(103, 14, 'زرشکی-کرمی', '38', 1, 2200000.00),
(104, 14, 'زرشکی-کرمی', '42', 1, 2200000.00),
(105, 15, 'قرمز', '36', 1, 1000000.00),
(106, 15, 'قرمز', '38', 1, 1000000.00),
(107, 15, 'زرد', '36', 1, 1000000.00),
(108, 15, 'سفید', '38', 2, 1000000.00),
(109, 15, 'سفید', '40', 2, 1000000.00),
(110, 15, 'سفید', '42', 1, 1000000.00),
(111, 15, 'صورتی', '38', 1, 1000000.00),
(112, 15, 'صورتی', '40', 1, 1000000.00),
(113, 15, 'صورتی', '42', 1, 1000000.00),
(114, 15, 'کرم', '42', 2, 1000000.00),
(115, 15, 'مشکی', '38', 2, 1000000.00),
(116, 15, 'مشکی', '42', 1, 1000000.00),
(117, 16, 'مشکی', '38', 2, 1500000.00),
(118, 16, 'مشکی', '40', 1, 1500000.00),
(119, 16, 'مشکی', '42', 1, 1500000.00),
(120, 16, 'کرمی', '38', 1, 1500000.00),
(121, 16, 'کرمی', '40', 1, 1500000.00),
(122, 16, 'کرمی', '42', 1, 1500000.00),
(123, 17, 'توسی', '38', 1, 1600000.00),
(124, 17, 'توسی', '40', 1, 1600000.00),
(125, 17, 'توسی', '42', 1, 1600000.00),
(126, 17, 'توسی', '44', 2, 1600000.00),
(127, 17, 'توسی', '46', 1, 1600000.00),
(128, 17, 'کرمی', '38', 1, 1600000.00),
(129, 17, 'کرمی', '40', 1, 1600000.00),
(130, 17, 'کرمی', '42', 1, 1600000.00),
(131, 17, 'کرمی', '44', 1, 1600000.00),
(132, 18, 'مشکی', '42', 1, 2000000.00),
(133, 18, 'مشکی', '44', 1, 2000000.00),
(134, 19, 'سبز', '40', 1, 1600000.00),
(135, 19, 'سبز', '42', 1, 1600000.00),
(136, 19, 'سبز', '44', 1, 1600000.00),
(137, 19, 'سبز', '46', 2, 1600000.00),
(138, 19, 'قهوه ای', '42', 1, 1600000.00),
(139, 19, 'قهوه ای', '44', 1, 1600000.00),
(140, 19, 'قهوه ای', '46', 1, 1600000.00),
(141, 20, 'قهوه ای', '38', 1, 850000.00),
(142, 20, 'قهوه ای', '40', 2, 850000.00),
(143, 20, 'قهوه ای', '44', 1, 850000.00),
(144, 20, 'قرمز', '38', 1, 850000.00),
(145, 20, 'قرمز', '40', 3, 850000.00),
(146, 20, 'قرمز', '46', 1, 850000.00),
(147, 20, 'بنفش', '38', 1, 850000.00),
(148, 20, 'بنفش', '44', 2, 850000.00),
(149, 21, 'صورتی', '38', 3, 1000000.00),
(150, 21, 'صورتی', '40', 1, 1000000.00),
(151, 21, 'سفید', '40', 1, 1000000.00),
(152, 21, 'سفید', '44', 1, 1000000.00),
(153, 21, 'قرمز', '38', 1, 1000000.00),
(154, 21, 'قرمز', '46', 1, 1000000.00),
(155, 21, 'آبی', '36', 1, 1000000.00),
(156, 21, 'آبی', '40', 1, 1000000.00),
(157, 21, 'لیمویی', '40', 1, 1000000.00),
(158, 21, 'لیمویی', '42', 1, 1000000.00),
(159, 21, 'خردلی', '40', 2, 1000000.00),
(160, 21, 'خردلی', '42', 1, 1000000.00),
(161, 21, 'گلبهی', '42', 1, 1000000.00),
(162, 22, 'کرمی', '38', 2, 1500000.00),
(163, 22, 'کرمی', '42', 2, 1500000.00),
(164, 22, 'کرمی', '44', 1, 1500000.00),
(165, 22, 'آبی', '38', 2, 1500000.00),
(166, 22, 'آبی', '40', 1, 1500000.00),
(167, 22, 'آبی', '44', 1, 1500000.00),
(168, 22, 'سبز', '40', 1, 1500000.00),
(169, 22, 'سبز', '42', 1, 1500000.00),
(170, 22, 'سبز', '44', 1, 1500000.00),
(171, 22, 'سبز', '46', 1, 1500000.00),
(172, 22, 'مشکی', '38', 1, 1500000.00),
(173, 23, 'مشکی', '38', 1, 150000.00),
(174, 23, 'مشکی', '40', 1, 150000.00),
(175, 23, 'آبی', '40', 1, 150000.00),
(176, 23, 'آبی', '42', 1, 150000.00),
(177, 23, 'آبی', '44', 1, 150000.00),
(178, 23, 'کرم', '42', 1, 150000.00),
(179, 23, 'توسی', '38', 1, 150000.00),
(180, 24, 'مشکی', '46', 1, 3895000.00),
(181, 24, 'مشکی', '50', 2, 3895000.00),
(182, 24, 'مشکی', '52', 1, 3895000.00),
(183, 24, 'مشکی', '54', 1, 3895000.00),
(184, 24, 'مشکی', '44', 1, 3895000.00),
(185, 25, 'سفید', '36', 1, 3795000.00),
(186, 25, 'سفید', '38', 1, 3795000.00),
(187, 25, 'سفید', '40', 1, 3795000.00),
(188, 25, 'سفید', '42', 1, 3795000.00),
(189, 25, 'سفید', '44', 1, 3795000.00),
(190, 25, 'سفید', '46', 1, 3795000.00),
(191, 25, 'کرمی', '36', 1, 3795000.00),
(192, 25, 'کرمی', '38', 1, 3795000.00),
(193, 25, 'کرمی', '40', 1, 3795000.00),
(194, 25, 'کرمی', '42', 1, 3795000.00),
(195, 25, 'کرمی', '44', 1, 3795000.00),
(196, 25, 'کرمی', '46', 1, 3795000.00),
(197, 26, 'سبز', '44', 1, 3100000.00),
(198, 26, 'سبز', '46', 1, 3100000.00),
(199, 26, 'سبز', '48', 1, 3100000.00),
(200, 26, 'سبز', '50', 1, 3100000.00),
(201, 26, 'سبز', '52', 1, 3100000.00),
(202, 26, 'مشکی', '44', 1, 3100000.00),
(203, 26, 'مشکی', '46', 1, 3100000.00),
(204, 26, 'مشکی', '48', 1, 3100000.00),
(205, 26, 'مشکی', '50', 1, 3100000.00),
(206, 26, 'مشکی', '52', 1, 3100000.00),
(207, 26, 'مشکی', '54', 1, 3100000.00),
(208, 27, 'قرمز', '40', 1, 450000.00),
(209, 27, 'قرمز', '42', 1, 450000.00),
(210, 27, 'گلبهی', '40', 1, 450000.00),
(211, 27, 'گلبهی', '44', 1, 450000.00),
(212, 27, 'گلبهی', '50', 1, 450000.00),
(213, 27, 'سفید', '40', 1, 450000.00),
(214, 27, 'سفید', '44', 1, 450000.00),
(215, 27, 'سفید', '46', 1, 450000.00),
(216, 27, 'سفید', '50', 1, 450000.00),
(217, 28, 'کرمی', '40', 1, 450000.00),
(218, 28, 'کرمی', '42', 1, 450000.00),
(219, 28, 'کرمی', '44', 1, 450000.00),
(220, 28, 'توسی', '42', 1, 450000.00),
(221, 28, 'توسی', '44', 1, 450000.00),
(222, 28, 'توسی', '46', 1, 450000.00),
(223, 28, 'توسی', '48', 1, 450000.00),
(224, 29, 'کرمی', '44', 1, 1000000.00),
(225, 29, 'کرمی', '46', 1, 1000000.00),
(226, 29, 'کرمی', '48', 2, 1000000.00),
(227, 29, 'سفید', '50', 1, 1000000.00),
(228, 29, 'مشکی', '48', 1, 1000000.00),
(229, 29, 'سبز', '40', 1, 1000000.00),
(230, 29, 'سبز', '44', 1, 1000000.00),
(231, 30, 'سفید', '44', 1, 1700000.00),
(232, 30, 'سفید', '46', 1, 1700000.00),
(233, 30, 'مشکی', '40', 1, 1700000.00),
(234, 30, 'مشکی', '44', 1, 1700000.00),
(235, 30, 'مشکی', '46', 1, 1700000.00),
(236, 30, 'مشکی', '42', 1, 1700000.00),
(237, 31, 'سبز', '52', 1, 1600000.00),
(238, 31, 'سبز', '50', 1, 1600000.00),
(239, 31, 'زرشکی', '42', 1, 1600000.00),
(240, 31, 'زرشکی', '44', 1, 1600000.00),
(241, 31, 'زرشکی', '46', 1, 1600000.00),
(242, 31, 'زرشکی', '48', 1, 1600000.00),
(243, 31, 'زرشکی', '50', 1, 1600000.00),
(244, 31, 'زرشکی', '52', 1, 1600000.00),
(245, 32, 'سبز', '44', 2, 1100000.00),
(246, 32, 'سبز', '46', 1, 1100000.00),
(247, 32, 'زرشکی', '42', 1, 1100000.00),
(248, 32, 'زرشکی', '44', 3, 1100000.00),
(249, 32, 'زرشکی', '46', 1, 1100000.00),
(250, 33, 'سفید', '36', 1, 1800000.00),
(251, 33, 'سفید', '38', 1, 1800000.00),
(252, 33, 'سفید', '42', 1, 1800000.00),
(253, 34, 'سفید', '40', 1, 1300000.00),
(254, 34, 'صورتی', '38', 1, 1300000.00),
(255, 34, 'مشکی', '42', 1, 1300000.00),
(256, 35, 'قرمز', '48', 1, 1000000.00),
(257, 35, 'قرمز', '50', 1, 1000000.00),
(258, 35, 'قرمز', '46', 2, 1000000.00),
(259, 35, 'قرمز', '40', 1, 1000000.00),
(260, 35, 'قرمز', '42', 1, 1000000.00),
(261, 35, 'قرمز', '44', 1, 1000000.00),
(262, 35, 'سبز', '46', 1, 1000000.00),
(263, 35, 'سبز', '48', 1, 1000000.00),
(264, 35, 'سبز', '52', 1, 1000000.00),
(265, 35, 'سبز', '54', 1, 1000000.00),
(266, 35, 'مشکی', '42', 1, 1000000.00),
(267, 35, 'مشکی', '48', 1, 1000000.00),
(268, 35, 'مشکی', '50', 1, 1000000.00),
(269, 35, 'توسی', '40', 2, 1000000.00),
(270, 35, 'توسی', '42', 2, 1000000.00),
(271, 35, 'توسی', '44', 1, 1000000.00),
(272, 35, 'توسی', '50', 1, 1000000.00),
(273, 35, 'گلبهی', '44', 1, 1000000.00),
(274, 35, 'گلبهی', '48', 1, 1000000.00),
(275, 36, 'بنفش', '42', 2, 800000.00),
(276, 36, 'بنفش', '44', 2, 800000.00),
(277, 36, 'زرشکی', '42', 1, 800000.00),
(278, 36, 'زرشکی', '52', 1, 800000.00),
(279, 37, 'مشکی', '48', 1, 1500000.00),
(280, 37, 'مشکی', '52', 1, 1500000.00),
(281, 37, 'زرشکی', '46', 1, 1500000.00),
(282, 37, 'زرشکی', '52', 1, 1500000.00),
(283, 37, 'زرشکی', '54', 1, 1500000.00),
(284, 37, 'سرمه ای', '52', 1, 1500000.00),
(285, 38, 'سبز', '46', 1, 600000.00),
(286, 38, 'سبز', '44', 2, 600000.00),
(287, 38, 'سبز', '42', 2, 600000.00),
(288, 39, 'زرشکی', '42', 1, 700000.00),
(289, 39, 'زرشکی', '46', 2, 700000.00),
(290, 39, 'زرشکی', '44', 2, 700000.00),
(291, 40, 'سبز', '44', 3, 600000.00),
(292, 40, 'مشکی', '46', 1, 600000.00),
(293, 40, 'سرمه ای', '56', 1, 900000.00),
(294, 40, 'سرمه ای', '46', 2, 900000.00),
(295, 40, 'سرمه ای', '48', 1, 900000.00),
(296, 36, 'سرمه ای', '42', 1, 800000.00),
(297, 41, 'قرمز', '36', 2, 1000000.00),
(298, 41, 'قرمز', '38', 1, 1000000.00),
(299, 41, 'قرمز', '42', 1, 1000000.00),
(300, 41, 'قرمز', '46', 1, 1000000.00),
(301, 41, 'صورتی', '44', 2, 1000000.00),
(302, 41, 'صورتی', '40', 1, 1000000.00),
(303, 41, 'سفید', '40', 1, 1000000.00),
(304, 41, 'سفید', '42', 1, 1000000.00),
(305, 41, 'سفید', '46', 1, 1000000.00),
(306, 41, 'خردلی', '36', 1, 1000000.00),
(307, 42, 'سرمه ای', '44', 1, 600000.00),
(308, 42, 'سرمه ای', '52', 1, 600000.00),
(309, 42, 'زرشکی', '46', 1, 600000.00),
(310, 42, 'زرشکی', '52', 1, 600000.00),
(311, 43, 'کرمی', '42', 1, 600000.00),
(312, 43, 'مشکی', '42', 1, 600000.00),
(313, 43, 'مشکی', '44', 1, 600000.00),
(314, 44, 'سفید', '42', 1, 600000.00),
(315, 44, 'سفید', '50', 1, 600000.00),
(316, 44, 'سفید', '52', 1, 600000.00),
(317, 44, 'سفید', '48', 1, 600000.00),
(318, 44, 'مشکی', '42', 1, 600000.00),
(319, 44, 'سرمه ای', '42', 2, 600000.00),
(320, 43, 'سرمه ای', '42', 1, 600000.00),
(321, 45, 'کرم', '44', 1, 600000.00),
(322, 45, 'کرم', '48', 1, 600000.00),
(323, 45, 'کرم', '50', 1, 600000.00),
(324, 45, 'کرم', '46', 1, 600000.00),
(325, 45, 'توسی', '42', 1, 600000.00),
(326, 45, 'توسی', '50', 1, 600000.00),
(327, 45, 'گلبهی', '46', 1, 600000.00),
(328, 45, 'گلبهی', '52', 1, 600000.00),
(329, 46, 'بنفش', '40', 1, 200000.00),
(330, 46, 'بنفش', '42', 1, 200000.00),
(331, 46, 'بنفش', '44', 1, 200000.00),
(332, 46, 'بنفش', '46', 1, 200000.00),
(333, 46, 'سبز', '42', 2, 200000.00),
(334, 46, 'قرمز', '40', 1, 200000.00),
(335, 47, 'کرمی', '40', 1, 1000000.00),
(336, 47, 'کرمی', '46', 1, 1000000.00),
(337, 47, 'مشکی', '42', 1, 1000000.00),
(338, 48, 'سبز', '36', 1, 1000000.00),
(339, 48, 'توسی', '42', 1, 1000000.00),
(340, 48, 'توسی', '44', 1, 1000000.00),
(341, 48, 'صورتی', '46', 1, 1000000.00),
(342, 48, 'صورتی', '44', 1, 1000000.00),
(343, 48, 'صورتی', '40', 2, 1000000.00),
(344, 48, 'صورتی', '38', 1, 1000000.00),
(345, 48, 'صورتی', '42', 2, 1000000.00),
(346, 48, 'بنفش', '42', 1, 1000000.00),
(347, 48, 'مشکی', '40', 1, 1000000.00),
(348, 48, 'سفید', '44', 1, 1000000.00);

-- --------------------------------------------------------

--
-- Table structure for table `purchases`
--

DROP TABLE IF EXISTS `purchases`;
CREATE TABLE IF NOT EXISTS `purchases` (
  `purchase_id` int NOT NULL AUTO_INCREMENT,
  `supplier_id` int NOT NULL,
  `purchase_date` date NOT NULL,
  `payment_method` enum('cash','credit_card','bank_transfer') NOT NULL,
  `status` enum('pending','paid') DEFAULT 'pending',
  `created_at` timestamp NULL DEFAULT CURRENT_TIMESTAMP,
  PRIMARY KEY (`purchase_id`),
  KEY `supplier_id` (`supplier_id`)
) ENGINE=MyISAM AUTO_INCREMENT=71 DEFAULT CHARSET=utf8mb4 COLLATE=utf8mb4_0900_ai_ci;

--
-- Dumping data for table `purchases`
--

INSERT INTO `purchases` (`purchase_id`, `supplier_id`, `purchase_date`, `payment_method`, `status`, `created_at`) VALUES
(22, 3, '2025-10-08', 'cash', '', '2025-10-08 12:24:12'),
(23, 3, '2025-10-08', 'cash', '', '2025-10-08 12:25:00'),
(24, 3, '2025-10-08', 'cash', '', '2025-10-08 12:26:55'),
(25, 3, '2025-10-08', 'cash', '', '2025-10-08 12:33:33'),
(26, 3, '2025-10-08', 'cash', '', '2025-10-08 12:34:32'),
(27, 3, '2025-10-08', 'cash', '', '2025-10-08 12:36:01'),
(28, 3, '2025-10-08', 'cash', '', '2025-10-08 12:36:40'),
(29, 3, '2025-10-08', 'cash', '', '2025-10-08 12:37:25'),
(30, 3, '2025-10-08', 'cash', '', '2025-10-08 12:41:08'),
(31, 3, '2025-10-08', 'cash', '', '2025-10-08 12:44:30'),
(32, 3, '2025-10-08', 'cash', '', '2025-10-08 12:46:44'),
(33, 3, '2025-10-08', 'cash', '', '2025-10-08 12:47:21'),
(34, 3, '2025-10-08', 'cash', '', '2025-10-08 12:49:39'),
(35, 3, '2025-10-08', 'cash', '', '2025-10-08 12:50:50'),
(36, 3, '2025-10-08', 'cash', '', '2025-10-08 12:53:45'),
(37, 3, '2025-10-08', 'cash', '', '2025-10-08 12:54:57'),
(38, 3, '2025-10-08', 'cash', '', '2025-10-08 12:57:06'),
(39, 3, '2025-10-08', 'cash', '', '2025-10-08 12:58:36'),
(40, 3, '2025-10-08', 'cash', '', '2025-10-08 13:02:01'),
(41, 3, '2025-10-08', 'cash', '', '2025-10-08 13:16:27'),
(42, 3, '2025-10-08', 'cash', '', '2025-10-08 13:18:50'),
(43, 4, '2025-10-08', 'cash', '', '2025-10-08 13:23:08'),
(44, 4, '2025-10-08', 'cash', '', '2025-10-08 13:24:31'),
(45, 4, '2025-10-08', 'cash', '', '2025-10-08 13:26:42'),
(46, 3, '2025-10-08', 'cash', '', '2025-10-08 13:30:49'),
(47, 3, '2025-10-08', 'cash', '', '2025-10-08 13:33:01'),
(48, 3, '2025-10-08', 'cash', '', '2025-10-08 13:36:59'),
(49, 3, '2025-10-08', 'cash', '', '2025-10-08 13:56:25'),
(50, 3, '2025-10-08', 'cash', '', '2025-10-08 13:58:41'),
(51, 3, '2025-10-08', 'cash', '', '2025-10-08 14:00:26'),
(52, 3, '2025-10-08', 'cash', '', '2025-10-08 14:01:48'),
(53, 3, '2025-10-08', 'cash', '', '2025-10-08 14:04:41'),
(54, 3, '2025-10-08', 'cash', '', '2025-10-08 14:13:11'),
(55, 3, '2025-10-08', 'cash', '', '2025-10-08 14:36:24'),
(56, 3, '2025-10-08', 'cash', '', '2025-10-08 14:39:23'),
(57, 3, '2025-10-08', 'cash', '', '2025-10-08 14:43:46'),
(58, 3, '2025-10-08', 'cash', '', '2025-10-08 14:46:37'),
(59, 3, '2025-10-08', 'cash', '', '2025-10-08 14:50:23'),
(60, 3, '2025-10-08', 'cash', '', '2025-10-08 14:52:34'),
(61, 3, '2025-10-08', 'cash', '', '2025-10-08 14:54:36'),
(62, 3, '2025-10-08', 'cash', '', '2025-10-08 14:56:54'),
(63, 3, '2025-10-08', 'cash', '', '2025-10-08 14:59:23'),
(64, 3, '2025-10-08', 'cash', '', '2025-10-08 15:02:47'),
(65, 3, '2025-10-08', 'cash', '', '2025-10-08 15:09:48'),
(66, 3, '2025-10-08', 'cash', '', '2025-10-08 15:11:11'),
(67, 3, '2025-10-08', 'cash', '', '2025-10-08 15:42:09'),
(68, 3, '2025-10-08', 'cash', '', '2025-10-08 15:46:37'),
(69, 3, '2025-10-08', 'cash', '', '2025-10-08 15:51:23'),
(70, 3, '2025-10-08', 'cash', '', '2025-10-08 16:00:16');

-- --------------------------------------------------------

--
-- Table structure for table `purchase_items`
--

DROP TABLE IF EXISTS `purchase_items`;
CREATE TABLE IF NOT EXISTS `purchase_items` (
  `purchase_item_id` int NOT NULL AUTO_INCREMENT,
  `purchase_id` int NOT NULL,
  `variant_id` int NOT NULL,
  `quantity` int NOT NULL,
  `buy_price` decimal(10,2) NOT NULL,
  PRIMARY KEY (`purchase_item_id`),
  KEY `purchase_id` (`purchase_id`),
  KEY `variant_id` (`variant_id`)
) ENGINE=MyISAM AUTO_INCREMENT=359 DEFAULT CHARSET=utf8mb4 COLLATE=utf8mb4_0900_ai_ci;

--
-- Dumping data for table `purchase_items`
--

INSERT INTO `purchase_items` (`purchase_item_id`, `purchase_id`, `variant_id`, `quantity`, `buy_price`) VALUES
(63, 22, 53, 2, 1500000.00),
(64, 22, 54, 1, 1500000.00),
(65, 22, 55, 1, 1500000.00),
(66, 23, 56, 1, 1500000.00),
(67, 23, 57, 1, 1500000.00),
(68, 23, 58, 1, 1500000.00),
(69, 23, 59, 1, 1500000.00),
(70, 23, 60, 1, 1500000.00),
(71, 24, 61, 1, 1500000.00),
(72, 24, 62, 2, 1500000.00),
(73, 24, 63, 1, 1500000.00),
(74, 24, 64, 1, 1500000.00),
(75, 24, 65, 2, 1500000.00),
(76, 24, 66, 1, 1500000.00),
(77, 24, 67, 2, 1500000.00),
(78, 25, 68, 1, 1500000.00),
(79, 25, 69, 1, 1500000.00),
(80, 25, 70, 2, 1500000.00),
(81, 25, 71, 1, 1500000.00),
(82, 25, 72, 1, 1500000.00),
(83, 25, 73, 3, 1500000.00),
(84, 25, 74, 1, 1500000.00),
(85, 25, 75, 1, 1500000.00),
(86, 25, 76, 1, 1500000.00),
(87, 25, 77, 1, 1500000.00),
(88, 25, 78, 1, 1500000.00),
(89, 25, 79, 1, 1500000.00),
(90, 25, 80, 1, 1500000.00),
(91, 25, 81, 1, 1500000.00),
(92, 25, 82, 1, 1500000.00),
(93, 25, 83, 1, 1000000.00),
(94, 25, 84, 1, 1000000.00),
(95, 25, 85, 1, 1000000.00),
(96, 25, 86, 1, 1000000.00),
(97, 25, 87, 1, 1000000.00),
(98, 25, 88, 1, 1000000.00),
(99, 25, 89, 1, 1000000.00),
(100, 25, 90, 1, 1000000.00),
(101, 25, 91, 1, 1000000.00),
(102, 25, 92, 1, 1000000.00),
(103, 25, 93, 1, 1000000.00),
(104, 25, 94, 1, 1000000.00),
(105, 25, 95, 1, 1000000.00),
(106, 26, 96, 3, 1000000.00),
(107, 26, 97, 1, 1000000.00),
(108, 26, 98, 1, 1000000.00),
(109, 27, 99, 1, 2200000.00),
(110, 27, 100, 1, 2200000.00),
(111, 28, 101, 1, 2200000.00),
(112, 28, 102, 1, 2200000.00),
(113, 29, 103, 1, 2200000.00),
(114, 29, 104, 1, 2200000.00),
(115, 30, 105, 1, 1000000.00),
(116, 30, 106, 1, 1000000.00),
(117, 31, 107, 1, 1000000.00),
(118, 31, 108, 2, 1000000.00),
(119, 31, 109, 2, 1000000.00),
(120, 31, 110, 1, 1000000.00),
(121, 31, 111, 1, 1000000.00),
(122, 31, 112, 1, 1000000.00),
(123, 31, 113, 1, 1000000.00),
(124, 31, 114, 2, 1000000.00),
(125, 31, 115, 2, 1000000.00),
(126, 31, 116, 1, 1000000.00),
(127, 32, 117, 2, 1500000.00),
(128, 32, 118, 1, 1500000.00),
(129, 32, 119, 1, 1500000.00),
(130, 33, 120, 1, 1500000.00),
(131, 33, 121, 1, 1500000.00),
(132, 33, 122, 1, 1500000.00),
(133, 34, 123, 1, 1600000.00),
(134, 34, 124, 1, 1600000.00),
(135, 34, 125, 1, 1600000.00),
(136, 34, 126, 2, 1600000.00),
(137, 34, 127, 1, 1600000.00),
(138, 34, 128, 1, 1600000.00),
(139, 34, 129, 1, 1600000.00),
(140, 34, 130, 1, 1600000.00),
(141, 34, 131, 1, 1600000.00),
(142, 35, 132, 1, 2000000.00),
(143, 35, 133, 1, 2000000.00),
(144, 36, 134, 1, 1600000.00),
(145, 36, 135, 1, 1600000.00),
(146, 36, 136, 1, 1600000.00),
(147, 36, 137, 2, 1600000.00),
(148, 36, 138, 1, 1600000.00),
(149, 36, 139, 1, 1600000.00),
(150, 36, 140, 1, 1600000.00),
(151, 37, 141, 1, 850000.00),
(152, 37, 142, 2, 850000.00),
(153, 37, 143, 1, 850000.00),
(154, 38, 144, 1, 850000.00),
(155, 38, 145, 3, 850000.00),
(156, 38, 146, 1, 850000.00),
(157, 38, 147, 1, 850000.00),
(158, 38, 148, 2, 850000.00),
(159, 39, 149, 3, 1000000.00),
(160, 39, 150, 1, 1000000.00),
(161, 40, 151, 1, 1000000.00),
(162, 40, 152, 1, 1000000.00),
(163, 40, 153, 1, 1000000.00),
(164, 40, 154, 1, 1000000.00),
(165, 40, 155, 1, 1000000.00),
(166, 40, 156, 1, 1000000.00),
(167, 40, 157, 1, 1000000.00),
(168, 40, 158, 1, 1000000.00),
(169, 40, 159, 2, 1000000.00),
(170, 40, 160, 1, 1000000.00),
(171, 40, 161, 1, 1000000.00),
(172, 41, 162, 2, 1500000.00),
(173, 41, 163, 2, 1500000.00),
(174, 41, 164, 1, 1500000.00),
(175, 41, 165, 2, 1500000.00),
(176, 41, 166, 1, 1500000.00),
(177, 41, 167, 1, 1500000.00),
(178, 41, 168, 1, 1500000.00),
(179, 41, 169, 1, 1500000.00),
(180, 41, 170, 1, 1500000.00),
(181, 41, 171, 1, 1500000.00),
(182, 41, 172, 1, 1500000.00),
(183, 42, 173, 1, 150000.00),
(184, 42, 174, 1, 150000.00),
(185, 42, 175, 1, 150000.00),
(186, 42, 176, 1, 150000.00),
(187, 42, 177, 1, 150000.00),
(188, 42, 178, 1, 150000.00),
(189, 42, 179, 1, 150000.00),
(190, 43, 180, 1, 3895000.00),
(191, 43, 181, 2, 3895000.00),
(192, 43, 182, 1, 3895000.00),
(193, 43, 183, 1, 3895000.00),
(194, 43, 184, 1, 3895000.00),
(195, 44, 185, 1, 3795000.00),
(196, 44, 186, 1, 3795000.00),
(197, 44, 187, 1, 3795000.00),
(198, 44, 188, 1, 3795000.00),
(199, 44, 189, 1, 3795000.00),
(200, 44, 190, 1, 3795000.00),
(201, 44, 191, 1, 3795000.00),
(202, 44, 192, 1, 3795000.00),
(203, 44, 193, 1, 3795000.00),
(204, 44, 194, 1, 3795000.00),
(205, 44, 195, 1, 3795000.00),
(206, 44, 196, 1, 3795000.00),
(207, 45, 197, 1, 3100000.00),
(208, 45, 198, 1, 3100000.00),
(209, 45, 199, 1, 3100000.00),
(210, 45, 200, 1, 3100000.00),
(211, 45, 201, 1, 3100000.00),
(212, 45, 202, 1, 3100000.00),
(213, 45, 203, 1, 3100000.00),
(214, 45, 204, 1, 3100000.00),
(215, 45, 205, 1, 3100000.00),
(216, 45, 206, 1, 3100000.00),
(217, 45, 207, 1, 3100000.00),
(218, 46, 208, 1, 450000.00),
(219, 46, 209, 1, 450000.00),
(220, 46, 210, 1, 450000.00),
(221, 46, 211, 1, 450000.00),
(222, 46, 212, 1, 450000.00),
(223, 46, 213, 1, 450000.00),
(224, 46, 214, 1, 450000.00),
(225, 46, 215, 1, 450000.00),
(226, 46, 216, 1, 450000.00),
(227, 47, 217, 1, 450000.00),
(228, 47, 218, 1, 450000.00),
(229, 47, 219, 1, 450000.00),
(230, 47, 220, 1, 450000.00),
(231, 47, 221, 1, 450000.00),
(232, 47, 222, 1, 450000.00),
(233, 47, 223, 1, 450000.00),
(234, 48, 224, 1, 1000000.00),
(235, 48, 225, 1, 1000000.00),
(236, 48, 226, 2, 1000000.00),
(237, 48, 227, 1, 1000000.00),
(238, 48, 228, 1, 1000000.00),
(239, 48, 229, 1, 1000000.00),
(240, 48, 230, 1, 1000000.00),
(241, 49, 231, 1, 1700000.00),
(242, 49, 232, 1, 1700000.00),
(243, 49, 233, 1, 1700000.00),
(244, 49, 234, 1, 1700000.00),
(245, 49, 235, 1, 1700000.00),
(246, 49, 236, 1, 1700000.00),
(247, 50, 237, 1, 1600000.00),
(248, 50, 238, 1, 1600000.00),
(249, 50, 239, 1, 1600000.00),
(250, 50, 240, 1, 1600000.00),
(251, 50, 241, 1, 1600000.00),
(252, 50, 242, 1, 1600000.00),
(253, 50, 243, 1, 1600000.00),
(254, 50, 244, 1, 1600000.00),
(255, 51, 245, 2, 1100000.00),
(256, 51, 246, 1, 1100000.00),
(257, 51, 247, 1, 1100000.00),
(258, 51, 248, 3, 1100000.00),
(259, 51, 249, 1, 1100000.00),
(260, 52, 250, 1, 1800000.00),
(261, 52, 251, 1, 1800000.00),
(262, 52, 252, 1, 1800000.00),
(263, 53, 253, 1, 1300000.00),
(264, 53, 254, 1, 1300000.00),
(265, 53, 255, 1, 1300000.00),
(266, 54, 256, 1, 1000000.00),
(267, 54, 257, 1, 1000000.00),
(268, 54, 258, 2, 1000000.00),
(269, 54, 259, 1, 1000000.00),
(270, 54, 260, 1, 1000000.00),
(271, 54, 261, 1, 1000000.00),
(272, 54, 262, 1, 1000000.00),
(273, 54, 263, 1, 1000000.00),
(274, 54, 264, 1, 1000000.00),
(275, 54, 265, 1, 1000000.00),
(276, 54, 266, 1, 1000000.00),
(277, 54, 267, 1, 1000000.00),
(278, 54, 268, 1, 1000000.00),
(279, 54, 269, 2, 1000000.00),
(280, 54, 270, 2, 1000000.00),
(281, 54, 271, 1, 1000000.00),
(282, 54, 272, 1, 1000000.00),
(283, 54, 273, 1, 1000000.00),
(284, 54, 274, 1, 1000000.00),
(285, 55, 275, 2, 800000.00),
(286, 55, 276, 2, 800000.00),
(287, 55, 277, 1, 800000.00),
(288, 55, 278, 1, 800000.00),
(289, 56, 279, 1, 1500000.00),
(290, 56, 280, 1, 1500000.00),
(291, 56, 281, 1, 1500000.00),
(292, 56, 282, 1, 1500000.00),
(293, 56, 283, 1, 1500000.00),
(294, 56, 284, 1, 1500000.00),
(295, 57, 285, 1, 600000.00),
(296, 57, 286, 2, 600000.00),
(297, 57, 287, 2, 600000.00),
(298, 58, 288, 1, 700000.00),
(299, 58, 289, 2, 700000.00),
(300, 58, 290, 2, 700000.00),
(301, 59, 291, 3, 600000.00),
(302, 59, 292, 1, 600000.00),
(303, 60, 293, 1, 900000.00),
(304, 60, 294, 2, 900000.00),
(305, 60, 295, 1, 900000.00),
(306, 61, 296, 1, 800000.00),
(307, 62, 297, 2, 1000000.00),
(308, 62, 298, 1, 1000000.00),
(309, 62, 299, 1, 1000000.00),
(310, 62, 300, 1, 1000000.00),
(311, 62, 301, 2, 1000000.00),
(312, 62, 302, 1, 1000000.00),
(313, 62, 303, 1, 1000000.00),
(314, 62, 304, 1, 1000000.00),
(315, 62, 305, 1, 1000000.00),
(316, 62, 306, 1, 1000000.00),
(317, 63, 307, 1, 600000.00),
(318, 63, 308, 1, 600000.00),
(319, 63, 309, 1, 600000.00),
(320, 63, 310, 1, 600000.00),
(321, 64, 311, 1, 600000.00),
(322, 64, 312, 1, 600000.00),
(323, 64, 313, 1, 600000.00),
(324, 65, 314, 1, 600000.00),
(325, 65, 315, 1, 600000.00),
(326, 65, 316, 1, 600000.00),
(327, 65, 317, 1, 600000.00),
(328, 65, 318, 1, 600000.00),
(329, 65, 319, 2, 600000.00),
(330, 66, 320, 1, 600000.00),
(331, 67, 321, 1, 600000.00),
(332, 67, 322, 1, 600000.00),
(333, 67, 323, 1, 600000.00),
(334, 67, 324, 1, 600000.00),
(335, 67, 325, 1, 600000.00),
(336, 67, 326, 1, 600000.00),
(337, 67, 327, 1, 600000.00),
(338, 67, 328, 1, 600000.00),
(339, 68, 329, 1, 200000.00),
(340, 68, 330, 1, 200000.00),
(341, 68, 331, 1, 200000.00),
(342, 68, 332, 1, 200000.00),
(343, 68, 333, 2, 200000.00),
(344, 68, 334, 1, 200000.00),
(345, 69, 335, 1, 1000000.00),
(346, 69, 336, 1, 1000000.00),
(347, 69, 337, 1, 1000000.00),
(348, 70, 338, 1, 1000000.00),
(349, 70, 339, 1, 1000000.00),
(350, 70, 340, 1, 1000000.00),
(351, 70, 341, 1, 1000000.00),
(352, 70, 342, 1, 1000000.00),
(353, 70, 343, 2, 1000000.00),
(354, 70, 344, 1, 1000000.00),
(355, 70, 345, 2, 1000000.00),
(356, 70, 346, 1, 1000000.00),
(357, 70, 347, 1, 1000000.00),
(358, 70, 348, 1, 1000000.00);

-- --------------------------------------------------------

--
-- Table structure for table `purchase_returns`
--

DROP TABLE IF EXISTS `purchase_returns`;
CREATE TABLE IF NOT EXISTS `purchase_returns` (
  `purchase_return_id` int NOT NULL AUTO_INCREMENT,
  `purchase_id` int DEFAULT NULL,
  `supplier_id` int NOT NULL,
  `return_date` date NOT NULL,
  `total_amount` decimal(15,2) NOT NULL DEFAULT '0.00',
  `note` text,
  `created_at` timestamp NULL DEFAULT CURRENT_TIMESTAMP,
  PRIMARY KEY (`purchase_return_id`),
  KEY `purchase_id` (`purchase_id`),
  KEY `supplier_id` (`supplier_id`)
) ENGINE=MyISAM AUTO_INCREMENT=4 DEFAULT CHARSET=utf8mb4 COLLATE=utf8mb4_0900_ai_ci;

-- --------------------------------------------------------

--
-- Table structure for table `purchase_return_items`
--

DROP TABLE IF EXISTS `purchase_return_items`;
CREATE TABLE IF NOT EXISTS `purchase_return_items` (
  `purchase_return_item_id` int NOT NULL AUTO_INCREMENT,
  `purchase_return_id` int NOT NULL,
  `variant_id` int NOT NULL,
  `quantity` int NOT NULL,
  `return_price` decimal(10,2) NOT NULL,
  PRIMARY KEY (`purchase_return_item_id`),
  KEY `purchase_return_id` (`purchase_return_id`),
  KEY `variant_id` (`variant_id`)
) ENGINE=MyISAM AUTO_INCREMENT=4 DEFAULT CHARSET=utf8mb4 COLLATE=utf8mb4_0900_ai_ci;

-- --------------------------------------------------------

--
-- Table structure for table `returns`
--

DROP TABLE IF EXISTS `returns`;
CREATE TABLE IF NOT EXISTS `returns` (
  `return_id` int NOT NULL AUTO_INCREMENT,
  `customer_id` int DEFAULT '0',
  `return_date` date NOT NULL,
  `reason` text,
  `created_at` timestamp NULL DEFAULT CURRENT_TIMESTAMP,
  PRIMARY KEY (`return_id`)
) ENGINE=MyISAM AUTO_INCREMENT=6 DEFAULT CHARSET=utf8mb4 COLLATE=utf8mb4_0900_ai_ci;

-- --------------------------------------------------------

--
-- Table structure for table `return_items`
--

DROP TABLE IF EXISTS `return_items`;
CREATE TABLE IF NOT EXISTS `return_items` (
  `return_item_id` int NOT NULL AUTO_INCREMENT,
  `return_id` int NOT NULL,
  `variant_id` int NOT NULL,
  `quantity` int NOT NULL,
  `return_price` decimal(10,2) NOT NULL,
  PRIMARY KEY (`return_item_id`),
  KEY `return_id` (`return_id`),
  KEY `variant_id` (`variant_id`)
) ENGINE=MyISAM AUTO_INCREMENT=6 DEFAULT CHARSET=utf8mb4 COLLATE=utf8mb4_0900_ai_ci;

-- --------------------------------------------------------

--
-- Table structure for table `sales`
--

DROP TABLE IF EXISTS `sales`;
CREATE TABLE IF NOT EXISTS `sales` (
  `sale_id` int NOT NULL AUTO_INCREMENT,
  `customer_id` int DEFAULT '0',
  `sale_date` date NOT NULL,
  `payment_method` enum('cash','credit_card','bank_transfer') NOT NULL,
  `status` enum('pending','paid') DEFAULT 'pending',
  `created_at` timestamp NULL DEFAULT CURRENT_TIMESTAMP,
  PRIMARY KEY (`sale_id`)
) ENGINE=MyISAM AUTO_INCREMENT=12 DEFAULT CHARSET=utf8mb4 COLLATE=utf8mb4_0900_ai_ci;

-- --------------------------------------------------------

--
-- Table structure for table `sale_items`
--

DROP TABLE IF EXISTS `sale_items`;
CREATE TABLE IF NOT EXISTS `sale_items` (
  `sale_item_id` int NOT NULL AUTO_INCREMENT,
  `sale_id` int NOT NULL,
  `variant_id` int NOT NULL,
  `quantity` int NOT NULL,
  `sell_price` decimal(10,2) NOT NULL,
  PRIMARY KEY (`sale_item_id`),
  KEY `sale_id` (`sale_id`),
  KEY `variant_id` (`variant_id`)
) ENGINE=MyISAM AUTO_INCREMENT=15 DEFAULT CHARSET=utf8mb4 COLLATE=utf8mb4_0900_ai_ci;

-- --------------------------------------------------------

--
-- Table structure for table `suppliers`
--

DROP TABLE IF EXISTS `suppliers`;
CREATE TABLE IF NOT EXISTS `suppliers` (
  `supplier_id` int NOT NULL AUTO_INCREMENT,
  `name` varchar(255) NOT NULL,
  `phone` varchar(20) DEFAULT NULL,
  `email` varchar(255) DEFAULT NULL,
  `address` text,
  `created_at` timestamp NULL DEFAULT CURRENT_TIMESTAMP,
  PRIMARY KEY (`supplier_id`)
) ENGINE=MyISAM AUTO_INCREMENT=5 DEFAULT CHARSET=utf8mb4 COLLATE=utf8mb4_0900_ai_ci;

--
-- Dumping data for table `suppliers`
--

INSERT INTO `suppliers` (`supplier_id`, `name`, `phone`, `email`, `address`, `created_at`) VALUES
(4, 'پخش نفیس', NULL, NULL, NULL, '2025-10-08 13:21:00'),
(3, 'تولیدی الماس', NULL, NULL, NULL, '2025-10-08 11:50:41');

-- --------------------------------------------------------

--
-- Table structure for table `supplier_balances`
--

DROP TABLE IF EXISTS `supplier_balances`;
CREATE TABLE IF NOT EXISTS `supplier_balances` (
  `balance_id` int NOT NULL AUTO_INCREMENT,
  `supplier_id` int NOT NULL,
  `balance_year` int NOT NULL,
  `balance_month` int NOT NULL,
  `opening_balance` decimal(15,2) NOT NULL DEFAULT '0.00',
  `total_purchases` decimal(15,2) NOT NULL DEFAULT '0.00',
  `total_returns` decimal(15,2) NOT NULL DEFAULT '0.00',
  `closing_balance` decimal(15,2) NOT NULL DEFAULT '0.00',
  `updated_at` timestamp NULL DEFAULT CURRENT_TIMESTAMP ON UPDATE CURRENT_TIMESTAMP,
  PRIMARY KEY (`balance_id`),
  UNIQUE KEY `supplier_month` (`supplier_id`,`balance_year`,`balance_month`)
) ENGINE=MyISAM DEFAULT CHARSET=utf8mb4 COLLATE=utf8mb4_0900_ai_ci;
COMMIT;

/*!40101 SET CHARACTER_SET_CLIENT=@OLD_CHARACTER_SET_CLIENT */;
/*!40101 SET CHARACTER_SET_RESULTS=@OLD_CHARACTER_SET_RESULTS */;
/*!40101 SET COLLATION_CONNECTION=@OLD_COLLATION_CONNECTION */;
